problem,algorithm,metric,direction,n_runs,median,iqr,mean,std,min,max,n_unsupported,n_failed
DASCMOP7_difficulty7,MOSADE,hv,higher,31,110916.70043432672,3.3107542748039123,110915.51883421408,2.9560019839748084,110907.16666826807,110918.90260840488,0,0
DASCMOP7_difficulty7,MOSADE,igd,lower,31,0.03233450288807739,0.0010392539087226427,0.03234725650732116,0.0008676457326056271,0.031169766517909325,0.03446269769561381,0,0
DASCMOP7_difficulty7,MOSADE,igd_plus,lower,31,0.02264442934972817,0.0009304242290918661,0.02282529224497893,0.0007779766723510555,0.021702245066588445,0.024709215806674654,0,0
DASCMOP7_difficulty7,MOSADE,gd,lower,31,0.0009109072167530627,7.446263612171104e-05,0.000908835613045872,4.8169304623153815e-05,0.0008159610319232326,0.0010317494038370322,0,0
DASCMOP7_difficulty7,MOSADE,spread,lower,31,0.016864928073106793,0.0011848598119418886,0.017013244811271245,0.00098315180894062,0.015362188462770704,0.01894334139889428,0,0
DASCMOP7_difficulty7,MOSADE,time_s,lower,31,318.3919569000136,15.5325723499991,317.7850429129049,14.115417929613567,257.05360429998836,337.91005729997414,0,0
DASCMOP7_difficulty7,MOSADE_domselect,hv,higher,31,110909.00817501791,55.74237395080854,110887.4621540344,38.43712291016931,110777.56705364387,110918.54949827035,0,0
DASCMOP7_difficulty7,MOSADE_domselect,igd,lower,31,0.03763711285357043,0.007946297430890252,0.03978805981371271,0.006365251533530476,0.033051381253156195,0.0606319464015981,0,0
DASCMOP7_difficulty7,MOSADE_domselect,igd_plus,lower,31,0.032839580675299955,0.012351364045986461,0.03498991023059855,0.00842404302409544,0.025577790943669958,0.060012028779383185,0,0
DASCMOP7_difficulty7,MOSADE_domselect,gd,lower,31,0.0016785514533755209,0.0009583646967185316,0.0018388010701833426,0.0007138073811302969,0.000979589985047224,0.003923621708747223,0,0
DASCMOP7_difficulty7,MOSADE_domselect,spread,lower,31,0.017402396158104922,0.0012845429229078574,0.017368296671466225,0.0009930196977434573,0.01545170892163188,0.019938564920776624,0,0
DASCMOP7_difficulty7,MOSADE_domselect,time_s,lower,31,891.5287551000074,456.3579984500102,924.7620522387105,213.42509073528845,668.1335181000177,1196.6492748000019,0,0
DTLZ2_n_obj3,MOSADE,hv,higher,31,18.002498554943354,0.013300198661504226,18.000377934539063,0.01300833163430933,17.95818826793231,18.02119799900126,0,0
DTLZ2_n_obj3,MOSADE,igd,lower,31,0.04950514939865299,0.002781005458371337,0.0496584833912232,0.001966066475860101,0.04560437994802025,0.05327247148514437,0,0
DTLZ2_n_obj3,MOSADE,igd_plus,lower,31,0.025223262815618014,0.0019196643685276266,0.025476423973763377,0.001467847959568578,0.023115447719014616,0.029846695123888125,0,0
DTLZ2_n_obj3,MOSADE,gd,lower,31,0.004475311114698153,0.0017063704082506928,0.004938538939866912,0.00135356409661377,0.0036400186711982537,0.008294333961877363,0,0
DTLZ2_n_obj3,MOSADE,spread,lower,31,0.02856969418717421,0.014409029860655335,0.03575146332072893,0.014298152182200473,0.022414814672514348,0.07894525941182581,0,0
DTLZ2_n_obj3,MOSADE,time_s,lower,31,679.44177580002,200.79916285000218,802.7700890096772,202.11968911795296,522.4659328999987,1190.2474374999874,0,0
DTLZ2_n_obj3,MOSADE_domselect,hv,higher,31,17.991824137441775,0.015649394424080754,17.988367928693545,0.013238866973508154,17.942239157153452,18.006987953418864,0,0
DTLZ2_n_obj3,MOSADE_domselect,igd,lower,31,0.053904867664155746,0.002756513588850193,0.05433040930582243,0.0024219924851460505,0.04936545144854725,0.05978890859675022,0,0
DTLZ2_n_obj3,MOSADE_domselect,igd_plus,lower,31,0.03351446009556432,0.003909114109300026,0.03449265841512582,0.0029193896197841534,0.02951767999138184,0.04150285035565678,0,0
DTLZ2_n_obj3,MOSADE_domselect,gd,lower,31,0.003971447632043092,0.00014634082940107734,0.004026576787840374,0.00027757751817774864,0.003785422249044393,0.005090068815060492,0,0
DTLZ2_n_obj3,MOSADE_domselect,spread,lower,31,0.025552337923170406,0.002163851244002337,0.02545136478775331,0.0020892580018469042,0.020415195060524072,0.02940859761982395,0,0
DTLZ2_n_obj3,MOSADE_domselect,time_s,lower,31,1404.9686659,159.90007555000193,1326.632225712902,224.0271322048274,763.372403299989,1535.1269761000003,0,0
WFG4,MOSADE,hv,higher,31,6.242636381977554,0.004359780164602256,6.242348505562425,0.00649405766958595,6.226748718178953,6.2536318932290005,0,0
WFG4,MOSADE,igd,lower,31,0.006095186217672537,0.0007605974281813289,0.006129610628232514,0.0005583151318158592,0.004952022000469641,0.006967263346599853,0,0
WFG4,MOSADE,igd_plus,lower,31,0.0031103058396720878,0.00039237606546436857,0.003122599766419811,0.000287909041734073,0.0026925890250618996,0.004008431336330427,0,0
WFG4,MOSADE,gd,lower,31,0.0031723032445891202,0.00013814747169767173,0.003209575897015814,8.56827509365038e-05,0.0030466395801917075,0.003357477287228066,0,0
WFG4,MOSADE,spread,lower,31,0.26498119392147557,0.013671961265779409,0.26265639392049533,0.010066329698011921,0.24154219602317012,0.2834033560917601,0,0
WFG4,MOSADE,time_s,lower,31,427.9995221999998,14.980204150007921,426.8803947483877,23.894274123460825,323.3253984999901,460.6137585999968,0,0
WFG4,MOSADE_domselect,hv,higher,31,6.245628579662122,0.00896471862008319,6.244041236290601,0.006665521193665356,6.2276444473669335,6.252446886533082,0,0
WFG4,MOSADE_domselect,igd,lower,31,0.0063630319999574605,0.0006131234927209735,0.006331502158855085,0.00044602611492468124,0.00538218804402916,0.007158411409423756,0,0
WFG4,MOSADE_domselect,igd_plus,lower,31,0.0037816876864596206,0.00047602266456804165,0.003796918510655308,0.00036639098056328066,0.0032285347867249846,0.004699099652884775,0,0
WFG4,MOSADE_domselect,gd,lower,31,0.0031817222428461088,0.0001031033618541493,0.0031745190349417186,8.727301381183326e-05,0.002963359849185994,0.0033514389018322022,0,0
WFG4,MOSADE_domselect,spread,lower,31,0.26702464774920975,0.01734275200375268,0.2666990449102429,0.01135154293882478,0.24600519011990962,0.2928802760324166,0,0
WFG4,MOSADE_domselect,time_s,lower,31,785.9978831000044,40.71352649999608,778.9900906838734,47.46300820510785,564.8026151000231,845.7051874000172,0,0
WFG9,MOSADE,hv,higher,31,9.878076433441954,0.005665714896482044,9.877747914874762,0.00430403307235929,9.86765590162166,9.886437240314164,0,0
WFG9,MOSADE,igd,lower,31,0.009536291066189298,0.0004425088805648861,0.009588625520133988,0.0003536867821494801,0.008765892558755066,0.010413600432242154,0,0
WFG9,MOSADE,igd_plus,lower,31,0.007735679243713227,0.00012138063029209015,0.007749862090026505,8.973337669164216e-05,0.007519452577706792,0.007927770010544169,0,0
WFG9,MOSADE,gd,lower,31,0.0011948671258157502,2.0692937094278583e-05,0.0011928866342660214,1.195721393915364e-05,0.0011687902516641778,0.0012136318694193286,0,0
WFG9,MOSADE,spread,lower,31,0.24813516868980418,0.017079978409263286,0.2487332595880766,0.011414627011329255,0.22002635456833872,0.2701158303793068,0,0
WFG9,MOSADE,time_s,lower,31,712.6916296000127,16.245941150031285,703.259401551613,38.9363183177514,502.7001031000109,733.4241448999965,0,0
WFG9,MOSADE_domselect,hv,higher,31,9.861954167142471,0.008098893214405933,9.86145457453565,0.006541131944349158,9.849724234963,9.873057844653808,0,0
WFG9,MOSADE_domselect,igd,lower,31,0.010253473937623513,0.00032882901310492957,0.010268346884753251,0.00033603642082684213,0.009708234289909594,0.011015739456175053,0,0
WFG9,MOSADE_domselect,igd_plus,lower,31,0.00864498343998283,0.00019482363446906605,0.008668794325858892,0.0001557639128353899,0.008335920479654299,0.00917281073309554,0,0
WFG9,MOSADE_domselect,gd,lower,31,0.0012221781889932403,1.9412868870898525e-05,0.001223261911088728,1.3520168683689103e-05,0.0011967579753104222,0.0012483447062626258,0,0
WFG9,MOSADE_domselect,spread,lower,31,0.24926350951362986,0.016039464580626134,0.24841790299632344,0.010528566492013895,0.22921743126720426,0.2652296562625475,0,0
WFG9,MOSADE_domselect,time_s,lower,31,983.1182151999965,94.46042945000227,1003.4305334322571,63.38827419708054,802.9879382000072,1110.380816000019,0,0
ZDT1,MOSADE,hv,higher,31,7.350925324306885,3.811456901825494e-05,7.350911375790514,5.583425148879225e-05,7.350734672588025,7.351001221408442,0,0
ZDT1,MOSADE,igd,lower,31,0.0018855962261610732,1.6256684885967033e-05,0.0018860971927361614,1.9839395181076936e-05,0.0018428113386172202,0.0019349819206545878,0,0
ZDT1,MOSADE,igd_plus,lower,31,0.0012339967848856235,2.5518730814563795e-05,0.0012409903720464654,2.52262458663405e-05,0.0011989223335173106,0.0013247959214053053,0,0
ZDT1,MOSADE,gd,lower,31,0.00016621792284548744,5.661783263236054e-05,0.0005132392536763622,0.0011725773356368785,0.0001487092019544875,0.006227762121688026,0,0
ZDT1,MOSADE,spread,lower,31,0.14304765029866076,0.03052769862090804,0.20288060392184962,0.1673606543480232,0.13032081452862074,0.9385968388238067,0,0
ZDT1,MOSADE,time_s,lower,31,544.2524824000138,10.154187000007369,538.5430002806421,31.081153008257942,376.6901614999806,560.6459570000006,0,0
ZDT1,MOSADE_domselect,hv,higher,31,7.35075118098192,0.000203143921922333,7.350664118401894,0.00019538950611718088,7.3501662416386715,7.350859498656996,0,0
ZDT1,MOSADE_domselect,igd,lower,31,0.0019381563130636042,4.133553313225252e-05,0.0019491894690138085,4.441728984159498e-05,0.0018838628310497295,0.0020725767373422793,0,0
ZDT1,MOSADE_domselect,igd_plus,lower,31,0.0013578664094307457,0.0001162375087737891,0.0013953070030160762,0.00010712834147277374,0.0012844087758610379,0.00165851152268792,0,0
ZDT1,MOSADE_domselect,gd,lower,31,0.00016652088215418848,9.880057750160428e-06,0.00017549726014467603,4.606492065737486e-05,0.00014957182731847418,0.00041158381492273447,0,0
ZDT1,MOSADE_domselect,spread,lower,31,0.16267137929826317,0.011411262758640184,0.16555185229045327,0.015738385893173317,0.14212715810445184,0.2357122958043258,0,0
ZDT1,MOSADE_domselect,time_s,lower,31,967.7855632999854,22.927422750013648,963.3171899419348,46.33631289162043,732.6110248000186,1010.0046707000001,0,0
ZDT3,MOSADE,hv,higher,31,7.805978601379113,4.2018847729252684e-05,7.805971416294473,3.90042661494211e-05,7.805878116878194,7.806051237167887,0,0
ZDT3,MOSADE,igd,lower,31,0.0022660470897209253,3.2213716951600205e-05,0.002263798869809462,2.2853380342953814e-05,0.0022066981243694934,0.0022996446575509174,0,0
ZDT3,MOSADE,igd_plus,lower,31,0.0006578744792670224,2.5486884804762247e-05,0.0006596051771374064,2.083307676444511e-05,0.000623142549690242,0.0007100166914175021,0,0
ZDT3,MOSADE,gd,lower,31,0.00011910571773054997,0.0002024763566137138,0.0013918136499311514,0.0031823423027400716,0.00010493287320037921,0.011523616645422624,0,0
ZDT3,MOSADE,spread,lower,31,0.4824793296875182,0.025668861083559924,0.5604684328462436,0.19905298268172733,0.46129776749891693,1.1203550176089907,0,0
ZDT3,MOSADE,time_s,lower,31,456.147220999992,13.619600549995084,453.9325936935483,23.98909005367831,338.9097654999932,489.2820770999824,0,0
ZDT3,MOSADE_domselect,hv,higher,31,7.805977180257434,6.496777664199982e-05,7.805955546198172,5.17109319384197e-05,7.80580713346681,7.806013349217536,0,0
ZDT3,MOSADE_domselect,igd,lower,31,0.002298745197193724,3.1774544659973845e-05,0.0022980998670193327,2.421299711847214e-05,0.0022360466224984545,0.002345363564902707,0,0
ZDT3,MOSADE_domselect,igd_plus,lower,31,0.0006864874232339655,2.7707476933920604e-05,0.0006917898061099994,2.7861193804274952e-05,0.0006446914273693141,0.0007733150966000306,0,0
ZDT3,MOSADE_domselect,gd,lower,31,0.00011699630026760439,9.063930145408196e-06,0.0001226543873349484,2.8059958142067657e-05,9.564853840370178e-05,0.0002628638110169721,0,0
ZDT3,MOSADE_domselect,spread,lower,31,0.48845707827848345,0.013214121982922433,0.4867066121453752,0.009052036635290618,0.4694244004205853,0.5021545001788548,0,0
ZDT3,MOSADE_domselect,time_s,lower,31,906.7086978000007,29.849159650024376,918.6974857161309,50.5213886226412,756.4827201000007,1010.666084299999,0,0
